City_ID,City,Lat,Lng,Max Temp,Humidity,Cloudiness,Wind Speed,Country,Date
0,tiksi,71.6872,128.8694,284.11,55,79,1.96,RU,1689382979
1,codrington,-38.2667,141.9667,284.61,74,100,5.2,AU,1689382979
2,bredasdorp,-34.5322,20.0403,285.5,62,4,3.16,ZA,1689382979
3,westport,41.1415,-73.3579,299.02,87,100,2.06,US,1689382979
4,puerto ayora,-0.7393,-90.3518,298.46,91,26,2.68,EC,1689382932
5,thompson,55.7435,-97.8558,285.24,94,100,6.17,CA,1689382739
6,uturoa,-16.7333,-151.4333,299.35,69,7,4.31,PF,1689382980
7,bodaybo,57.8506,114.1933,289.29,69,64,0.16,RU,1689382980
8,djibo,14.1022,-1.6306,299.7,73,100,4.4,BF,1689382980
9,tofol,5.3248,163.0078,302.14,73,27,6.08,FM,1689382980
10,avarua,-21.2078,-159.775,300.18,74,75,1.54,CK,1689382980
11,udachny,66.4167,112.4,281.18,56,31,6.24,RU,1689382980
12,adamstown,-25.066,-130.1015,294.59,77,1,5.34,PN,1689382981
13,whitehorse,60.7161,-135.0538,298.2,40,75,4.63,CA,1689382981
14,invercargill,-46.4,168.35,285.45,73,98,2.71,NZ,1689382981
15,kiruna,67.8557,20.2251,282.66,87,100,2.06,SE,1689382981
16,acarau,-2.8856,-40.12,298.93,80,1,6.45,BR,1689382869
17,port-aux-francais,-49.35,70.2167,275.34,63,80,16.93,TF,1689382981
18,waitangi,-43.9535,-176.5597,283.05,85,100,1.34,NZ,1689382982
19,nar'yan-mar,67.6713,53.087,287.29,73,6,2.23,RU,1689382982
20,vorgashor,67.5833,63.95,285.62,61,12,1.74,RU,1689382982
21,port alfred,-33.5906,26.891,290.32,42,100,5.99,ZA,1689382982
22,dunedin,-45.8742,170.5036,288.04,54,62,1.34,NZ,1689382950
23,papatowai,-46.5619,169.4708,285.71,66,93,2.57,NZ,1689382983
24,quang ngai,15.1167,108.8,303.33,63,99,1.49,VN,1689382690
25,borogontsy,62.6683,131.1683,293.55,55,1,2.74,RU,1689382983
26,georgetown,5.4112,100.3354,303.28,96,20,1.54,MY,1689382982
27,kobryn,52.2138,24.3564,288.0,72,12,1.52,BY,1689382984
28,saipan,15.1355,145.701,304.54,100,20,5.66,MP,1689382984
29,olinda,-8.0089,-34.8553,300.0,78,75,1.54,BR,1689382859
30,sitka,57.0531,-135.33,287.09,88,100,2.06,US,1689382984
31,puerto natales,-51.7236,-72.4875,270.57,92,100,0.84,CL,1689382985
32,west island,-12.1568,96.8225,298.14,73,100,8.23,CC,1689382985
33,glendive,47.1053,-104.7125,298.94,36,0,4.12,US,1689382893
34,taroa,8.7058,171.2275,301.57,74,63,8.14,MH,1689382985
35,isafjordur,66.0755,-23.124,279.36,94,100,7.54,IS,1689382986
36,stanley,54.868,-1.6985,287.89,91,75,3.84,GB,1689382840
37,vadso,70.0744,29.7487,288.64,88,40,1.54,NO,1689382986
38,kirakira,-10.4544,161.9205,300.08,86,100,7.15,SB,1689382986
39,mendoza,-32.8908,-68.8272,279.89,65,66,1.03,AR,1689382946
40,bireun,5.203,96.7009,298.75,62,99,1.69,ID,1689382987
41,blackmans bay,-43.0167,147.3167,281.22,84,57,5.41,AU,1689382987
42,fale old settlement,-9.3852,-171.2468,301.47,75,1,6.71,TK,1689382987
43,badger,64.8,-147.5333,294.29,59,75,4.63,US,1689382988
44,kurumkan,54.3,110.3,294.1,55,77,1.18,RU,1689382988
45,wailua homesteads,22.0669,-159.378,301.59,72,20,5.66,US,1689382988
46,yuzhno-kurilsk,44.0306,145.8556,288.75,84,100,2.4,RU,1689382988
47,anadyr,64.75,177.4833,286.43,82,75,2.0,RU,1689382988
48,bamboo flat,11.7,92.7167,301.2,83,40,2.57,IN,1689382988
49,ancud,-41.8697,-73.8203,280.99,78,55,5.04,CL,1689382989
50,great bend,38.3645,-98.7648,298.49,82,100,3.6,US,1689382989
51,iqaluit,63.7506,-68.5145,281.0,93,100,0.0,CA,1689382902
52,okhotsk,59.3833,143.3,288.31,82,98,3.04,RU,1689382989
53,albany,42.6001,-73.9662,296.68,90,0,1.4,US,1689382808
54,bilibino,68.0546,166.4372,299.69,36,34,4.71,RU,1689382989
55,haiku-pauwela,20.9219,-156.3051,301.62,61,20,9.26,US,1689382990
56,tisul',55.7611,88.3122,291.45,95,100,3.17,RU,1689382990
57,nuuk,64.1835,-51.7216,281.49,93,100,1.54,GL,1689382990
58,north bend,43.4065,-124.2243,298.1,68,0,10.29,US,1689382991
59,san rafael,-34.6177,-68.3301,281.84,44,94,3.27,AR,1689382991
60,lospalos,-8.5186,127.0025,297.57,72,100,4.42,TL,1689382991
61,nemuro,43.3236,145.575,286.45,95,100,2.12,JP,1689382852
62,yellowknife,62.456,-114.3525,297.44,27,75,3.6,CA,1689382885
63,ushuaia,-54.8,-68.3,276.96,65,0,1.54,AR,1689382991
64,myskhako,44.6714,37.7433,296.03,93,5,2.32,RU,1689382992
65,kodiak,57.79,-152.4072,291.88,63,75,1.54,US,1689382992
66,port lincoln,-34.7333,135.8667,285.94,69,100,8.2,AU,1689382992
67,saint-leu,-21.15,55.2833,294.61,99,100,9.05,RE,1689382992
68,grytviken,-54.2811,-36.5092,269.72,67,0,3.05,GS,1689382992
69,saldanha,-33.0117,17.9442,280.18,79,0,1.97,ZA,1689382992
70,edinburgh of the seven seas,-37.0676,-12.3116,289.0,94,100,14.48,SH,1689382992
71,usinsk,65.9939,57.5281,286.74,66,0,4.93,RU,1689382993
72,susuman,62.7833,148.1667,298.53,48,54,3.67,RU,1689382805
73,namibe,-15.1961,12.1522,292.96,43,0,3.98,AO,1689382993
74,bardai,11.65,7.2333,297.51,67,99,2.57,NG,1689382993
75,kabinda,-6.1333,24.4833,292.88,56,0,1.71,CD,1689382993
76,rongelap,11.1635,166.8941,301.41,78,99,8.03,MH,1689382993
77,berdigestyakh,62.0989,126.6992,285.19,97,100,4.57,RU,1689382994
78,hampton bays,40.869,-72.5176,297.75,93,100,4.02,US,1689382904
79,ust-nera,64.5667,143.2,300.48,40,0,2.2,RU,1689382994
80,iskateley,67.6803,53.1512,287.28,73,6,2.21,RU,1689382994
81,alice springs,-23.7,133.8833,292.9,40,0,0.51,AU,1689382995
82,nuku'alofa,-21.1333,-175.2,295.34,73,75,5.14,TO,1689382995
83,port elizabeth,-33.918,25.5701,288.2,81,0,1.54,ZA,1689382951
84,sandnessjoen,66.0217,12.6316,283.44,79,100,5.86,NO,1689382995
85,uige,-7.6087,15.0613,291.18,50,69,1.64,AO,1689382995
86,bethel,41.3712,-73.414,298.02,79,99,1.25,US,1689382995
87,praia da vitoria,38.7333,-27.0667,293.29,83,20,4.78,PT,1689382995
88,sakiai,54.9547,23.0358,284.05,95,0,1.9,LT,1689382996
89,kralendijk,12.15,-68.2667,302.14,79,20,7.72,BQ,1689382996
90,new norfolk,-42.7826,147.0587,281.87,76,51,4.78,AU,1689382996
91,longyearbyen,78.2186,15.6401,285.06,50,0,5.14,SJ,1689382996
92,qaqortoq,60.7167,-46.0333,279.91,89,92,0.87,GL,1689382996
93,saudarkrokur,65.7461,-19.6394,277.58,96,100,5.66,IS,1689382997
94,boca suno,-0.7167,-77.1333,294.89,99,100,0.5,EC,1689382997
95,vila velha,-20.3297,-40.2925,294.23,78,100,5.14,BR,1689382997
96,bisbee,31.4482,-109.9284,304.26,36,95,3.13,US,1689382997
97,husiatyn,49.0726,26.2141,285.58,100,11,1.84,UA,1689382997
98,yeghegnadzor,39.7639,45.3324,291.36,73,4,1.87,AM,1689382997
99,serdar,38.9764,56.2757,300.04,31,5,2.17,TM,1689382998
100,kone,-21.0595,164.8658,296.56,49,66,4.56,NC,1689382998
101,marcala,14.15,-88.0333,296.86,90,30,2.48,HN,1689382998
102,bogotol,56.2078,89.5342,291.63,89,100,3.8,RU,1689382998
103,hermanus,-34.4187,19.2345,287.42,76,0,3.45,ZA,1689382998
104,murray bridge,-35.1167,139.2667,284.89,88,100,4.54,AU,1689382999
105,ambovombe,-25.1667,46.0833,290.18,64,0,5.95,MG,1689382999
106,port mathurin,-19.6833,63.4167,296.77,82,100,7.15,MU,1689382899
107,st. john's,47.5649,-52.7093,291.81,89,75,5.66,CA,1689382853
108,kingston,17.997,-76.7936,303.68,72,20,9.26,JM,1689382999
109,sittwe,20.15,92.9,299.26,87,7,4.34,MM,1689382999
110,reggane,26.7158,0.1714,308.0,7,0,6.49,DZ,1689383000
111,retreat,38.8245,-85.8533,301.37,69,0,3.2,US,1689383000
112,cannonvale,-20.2833,148.7,295.81,62,0,6.98,AU,1689383000
113,keflavik,64.0049,-22.5624,282.1,81,75,10.29,IS,1689383000
114,barah,13.7,30.3667,303.26,50,58,6.69,SD,1689383000
115,south hedland,-20.4089,118.5983,294.11,40,0,8.75,AU,1689383000
116,la ronge,55.1001,-105.2842,290.29,48,75,3.6,CA,1689383001
117,crane,31.3974,-102.3501,309.93,19,61,9.15,US,1689383001
118,kashgar,39.4547,75.9797,299.71,22,0,5.0,CN,1689383001
119,salinopolis,-0.6136,-47.3561,299.61,82,14,5.28,BR,1689382968
120,lefka,35.1106,32.8506,302.49,32,11,2.44,CY,1689383001
121,bambanglipuro,-7.95,110.2833,298.34,82,56,4.77,ID,1689383001
122,dubrovnik,42.6481,18.0922,294.95,88,0,1.03,HR,1689382855
123,baardheere,2.3446,42.2764,296.63,78,84,5.31,SO,1689383002
124,les cayes,18.2,-73.75,300.26,77,100,1.05,HT,1689383002
125,oytal,42.9057,73.2697,296.85,33,0,1.55,KZ,1689383002
126,greymouth,-42.4667,171.2,285.91,80,81,3.75,NZ,1689382838
127,laojunmiao,39.8333,97.7333,297.72,19,3,1.79,CN,1689383002
128,bangassou,4.7413,22.8184,293.86,98,100,0.87,CF,1689383003
129,novo aripuana,-5.1206,-60.3797,297.79,82,61,0.76,BR,1689383003
130,vernon,50.2581,-119.2691,307.2,29,98,2.24,CA,1689383003
131,jackson,42.4165,-122.8345,311.51,21,0,3.6,US,1689383003
132,constantia,44.1833,28.65,295.76,66,83,3.76,RO,1689382871
133,rio segundo,-31.6526,-63.9099,282.24,65,85,4.34,AR,1689383004
134,chonchi,-42.6128,-73.8092,277.1,94,32,1.23,CL,1689383004
135,san agustin,20.5333,-103.4667,299.77,44,40,5.14,MX,1689383004
136,talnakh,69.4865,88.3972,280.49,61,96,4.57,RU,1689383004
137,kapuskasing,49.4169,-82.4331,294.2,83,75,4.63,CA,1689382953
138,stewartville,43.8555,-92.4885,298.22,62,40,4.12,US,1689382781
139,svobodnyy,51.4,128.1333,299.83,42,100,0.76,RU,1689383005
140,sisimiut,66.9395,-53.6735,282.41,78,100,2.47,GL,1689383005
141,bansud,12.865,121.4564,301.04,77,100,3.38,PH,1689383006
142,khandyga,62.6667,135.6,287.68,93,100,0.89,RU,1689383006
143,el granada,37.5027,-122.4694,306.44,82,100,8.75,US,1689383006
144,geraldton,-28.7667,114.6,283.38,76,0,6.69,AU,1689383006
145,nyurba,63.2842,118.3319,276.27,98,100,5.68,RU,1689383006
146,philadelphia,39.9523,-75.1638,301.21,75,75,3.09,US,1689382981
147,zhumysker,49.3333,49.4,295.39,54,100,1.48,KZ,1689383007
148,afaahiti,-17.75,-149.2833,301.08,67,0,2.63,PF,1689383007
149,baoying,33.2292,119.3092,299.1,87,100,2.51,CN,1689383007
150,isabel segunda,18.1491,-65.4427,302.52,92,98,0.89,PR,1689383007
151,hawaiian paradise park,19.5933,-154.9731,300.95,67,40,5.66,US,1689383008
152,nelson bay,-32.7167,152.15,292.65,60,12,0.89,AU,1689383008
153,acapulco de juarez,16.8634,-99.8901,301.47,76,30,1.55,MX,1689382816
154,playas,-2.6333,-80.3833,298.02,83,35,5.05,EC,1689383008
155,ribeira grande,38.5167,-28.7,293.58,83,20,5.36,PT,1689383008
156,karbala,32.616,44.0249,305.72,18,0,4.12,IQ,1689383009
157,sao joao do paraiso,-15.3136,-42.0144,293.38,42,48,1.24,BR,1689383009
158,acajutla,13.5928,-89.8275,300.38,82,100,1.93,SV,1689382841
159,merizo village,13.2658,144.6691,304.25,81,49,7.33,GU,1689383009
160,valparaiso,-33.0393,-71.6273,288.15,62,100,8.6,CL,1689382824
161,san patricio,28.017,-97.5169,305.47,70,0,7.57,US,1689383009
162,margaret river,-33.95,115.0667,283.55,74,9,4.01,AU,1689383010
163,moapa valley,36.5805,-114.4703,317.51,5,0,1.31,US,1689383010
164,karkira,36.9292,6.5856,300.08,62,0,2.7,DZ,1689383010
165,lompoc,34.6391,-120.4579,300.23,81,100,7.15,US,1689383010
166,kulhudhuffushi,6.6221,73.07,300.76,78,19,4.06,MV,1689383010
167,carutapera,-1.195,-46.02,297.61,93,10,2.54,BR,1689383010
168,punta arenas,-53.15,-70.9167,274.21,80,0,4.63,CL,1689383011
169,porangatu,-13.4408,-49.1486,296.94,40,6,2.33,BR,1689383011
170,cidreira,-30.1811,-50.2056,282.71,78,89,3.11,BR,1689383011
171,tolanaro,-25.0319,46.9987,292.19,72,75,1.54,MG,1689383011
172,lagos,6.5833,3.75,297.69,93,100,2.0,NG,1689383011
173,baotou,40.6522,109.8222,295.81,31,0,3.44,CN,1689383011
174,denton holme,54.8849,-2.9434,288.86,86,83,4.44,GB,1689383012
175,hamilton,39.1834,-84.5333,301.58,60,0,2.57,US,1689383012
176,krasnoarmeysk,51.0239,45.6969,287.99,96,100,3.74,RU,1689383012
177,ishigaki,24.3448,124.1572,301.22,94,75,2.57,JP,1689383012
178,nova vicosa,-17.8919,-39.3719,296.44,80,100,7.53,BR,1689383013
179,alipur,29.3846,70.9116,307.06,49,0,7.84,PK,1689383013
180,yangjiang,21.85,111.9667,302.19,75,100,2.46,CN,1689383013
181,lucea,18.451,-78.1736,304.07,79,6,5.26,JM,1689383013
182,remire-montjoly,4.9167,-52.2667,298.17,94,75,1.54,GF,1689383014
183,mazamari,-11.3258,-74.5308,297.17,71,65,0.56,PE,1689383014
184,atafu village,-8.5421,-172.5159,301.48,74,83,3.93,TK,1689383014
185,ma'rib,15.4591,45.3253,302.32,17,21,2.52,YE,1689383014
186,kalmunai,7.4167,81.8167,300.03,77,100,2.49,LK,1689383014
187,inhambane,-23.865,35.3833,291.83,68,100,2.03,MZ,1689383014
188,kerikeri,-35.2268,173.9474,291.99,73,36,1.34,NZ,1689383014
189,jayapura,-2.5333,140.7,302.81,64,42,1.0,ID,1689383015
190,mena,51.5217,32.2157,286.55,92,1,3.02,UA,1689383015
191,djambala,-2.5447,14.7533,297.12,41,13,0.54,CG,1689383015
192,kurchatov,51.6601,35.6521,289.38,94,93,3.85,RU,1689383015
193,port hedland,-20.3167,118.5667,294.18,40,0,8.75,AU,1689382958
194,tazovsky,67.4667,78.7,282.82,67,8,1.73,RU,1689383016
195,floro,61.5996,5.0328,287.13,82,10,4.12,NO,1689382998
196,kota kinabalu,5.9749,116.0724,302.14,70,20,3.6,MY,1689383016
197,sanctuary point,-35.1114,150.629,293.26,46,100,4.02,AU,1689383016
198,purepero de echaiz,19.9167,-102.0167,293.7,58,27,1.91,MX,1689383016
199,klyuchi,52.2667,79.1667,299.54,48,0,3.96,RU,1689382876
200,pariaman,-0.619,100.12,295.18,78,100,1.09,ID,1689383017
201,mugia,43.1041,-9.2179,290.88,83,100,6.93,ES,1689383017
202,mbanza-ngungu,-5.25,14.8667,293.77,54,0,2.97,CD,1689383017
203,smidovich,48.6,133.8167,292.65,79,100,3.76,RU,1689383017
204,manga,11.6636,-1.0731,299.64,68,98,3.14,BF,1689383017
205,ca mau,9.1769,105.15,301.97,75,100,4.74,VN,1689383017
206,sos'va,59.1766,61.8558,284.48,97,100,5.12,RU,1689383018
207,carnarvon,-24.8667,113.6333,287.8,59,0,10.61,AU,1689383018
208,okha,53.5739,142.9478,290.4,61,0,5.34,RU,1689383018
209,nagqu,31.5,92.0,279.99,76,100,1.11,CN,1689383018
210,port saint john's,-31.6229,29.5448,288.5,64,100,2.2,ZA,1689383018
211,aykhal,66.0,111.5,279.86,52,81,6.24,RU,1689383018
212,revda,56.801,59.9303,285.08,99,100,3.23,RU,1689383019
213,arraial do cabo,-22.9661,-42.0278,293.59,61,100,7.72,BR,1689383019
214,sumeg,46.977,17.2821,293.18,87,12,2.58,HU,1689383019
215,kupang,-10.1667,123.5833,300.05,63,57,5.57,ID,1689383019
216,homer,59.6425,-151.5483,293.08,66,75,6.26,US,1689383019
217,college,64.8569,-147.8028,295.14,60,75,5.14,US,1689382801
218,nowshahr,36.649,51.496,296.12,94,75,2.06,IR,1689383019
219,benguela,-12.5763,13.4055,293.31,67,0,1.07,AO,1689383020
220,templin,53.1186,13.5022,292.49,64,100,3.49,DE,1689383020
221,santa maria,-29.6842,-53.8069,279.76,93,20,1.03,BR,1689382897
222,vilyuchinsk,52.9306,158.4028,286.3,95,100,0.59,RU,1689383020
223,walvis bay,-22.9575,14.5053,286.53,94,0,1.03,NA,1689383020
224,kasane,-17.8167,25.15,283.25,58,0,2.26,BW,1689382755
225,flying fish cove,-10.4217,105.6791,297.97,78,100,6.17,CX,1689383021
226,yarmouth,41.7057,-70.2286,296.15,91,100,2.06,US,1689383021
227,olonkinbyen,70.9221,-8.7187,278.38,98,100,7.36,SJ,1689383021
228,igarka,67.4667,86.5833,280.58,78,100,4.08,RU,1689383021
229,bodo,67.28,14.405,285.8,81,75,4.63,NO,1689383021
230,rudsar,37.1376,50.288,297.14,85,26,0.98,IR,1689383021
231,talcahuano,-36.7167,-73.1167,281.97,76,0,3.6,CL,1689383022
232,pisco,-13.7,-76.2167,293.18,77,100,3.6,PE,1689383022
233,tortoli,39.9256,9.6572,298.42,63,0,1.14,IT,1689383022
234,awjilah,29.1081,21.2869,299.73,53,0,6.54,LY,1689383022
235,san antonio de pale,-1.4014,5.6325,296.3,83,86,5.85,GQ,1689382874
236,timaru,-44.4,171.25,284.86,92,49,1.77,NZ,1689382776
237,weno,7.4515,151.8468,303.12,79,75,2.57,FM,1689383022
238,ilulissat,69.2167,-51.1,279.16,93,100,1.54,GL,1689383023
239,manicore,-5.8092,-61.3003,299.77,64,96,1.04,BR,1689383000
240,havre,49.5833,0.3333,291.67,88,100,5.14,FR,1689383023
241,coquimbo,-29.9533,-71.3436,287.0,94,0,1.54,CL,1689382949
242,kokpekty,48.75,82.4,299.75,29,12,1.96,KZ,1689383023
243,traverse city,44.7631,-85.6206,298.21,75,100,1.37,US,1689382766
244,garachico,28.7781,-17.7646,294.21,88,0,7.72,ES,1689383023
245,petropavlovka,50.6114,105.3196,294.2,65,5,1.67,RU,1689383024
246,wenchang,30.904,118.4887,301.35,84,100,1.67,CN,1689383024
247,portland,45.5234,-122.6762,307.93,28,0,2.24,US,1689382898
248,kavieng,-2.5744,150.7967,301.29,77,100,4.09,PG,1689383024
249,katsuura,35.1333,140.3,298.7,87,100,10.03,JP,1689383024
250,colon,9.3592,-79.9014,299.64,87,100,2.18,PA,1689383025
251,talagang,32.9297,72.4158,305.08,51,100,4.2,PK,1689382848
252,erenhot,43.6475,111.9767,294.0,49,0,3.76,CN,1689383025
253,salto,-31.3833,-57.9667,283.08,79,100,4.92,UY,1689382759
254,svetlyy,54.675,20.1347,285.91,86,34,2.29,RU,1689383025
255,laguna,38.421,-121.4238,313.9,21,0,3.09,US,1689383025
256,guerrero negro,27.9769,-114.0611,295.54,64,5,8.95,MX,1689383025
257,north tamworth,-31.0778,150.9261,289.21,63,0,2.57,AU,1689383026
258,siwa oasis,29.2041,25.5195,301.6,36,1,2.62,EG,1689383026
259,sao vicente,-23.9631,-46.3919,292.03,26,33,1.15,BR,1689383026
260,toungo,8.1167,12.05,294.99,86,93,0.54,NG,1689383026
261,hasaki,35.7333,140.8333,302.37,80,100,8.24,JP,1689382871
262,igunga,-4.2833,33.8833,290.34,55,73,2.56,TZ,1689383026
263,belalcazar,2.6547,-75.9928,288.03,99,89,0.83,CO,1689382824
264,midvagur,62.0511,-7.1939,283.61,81,100,3.09,FO,1689383027
265,ontario,34.0633,-117.6509,313.2,28,20,6.17,US,1689382859
266,gornyy,55.1153,83.9059,295.57,74,89,5.64,RU,1689383028
267,cobija,-11.0267,-68.7692,292.25,82,40,2.57,BO,1689383028
268,mount gambier,-37.8333,140.7667,283.57,82,98,3.7,AU,1689383028
269,jamestown,42.097,-79.2353,294.95,73,0,0.0,US,1689383028
270,east london,-33.0153,27.9116,290.87,38,100,4.17,ZA,1689383029
271,beruniy,41.6911,60.7525,294.13,49,0,4.12,UZ,1689383029
272,evansville,37.9748,-87.5558,300.38,72,0,2.06,US,1689383029
273,chipata,-13.6333,32.65,282.6,83,0,2.52,ZM,1689383029
274,jimma,7.6667,36.8333,287.53,97,100,0.99,ET,1689383030
275,arno,60.1167,18.6333,289.7,78,46,3.11,SE,1689383030
276,dumai,1.6833,101.45,297.68,80,100,1.04,ID,1689383030
277,patterson,37.4716,-121.1297,311.9,10,0,4.93,US,1689382868
278,mana,5.6592,-53.7767,299.39,87,38,3.63,GF,1689383030
279,hami,42.8,93.45,306.64,11,0,2.09,CN,1689383030
280,koryazhma,61.3143,47.1691,287.33,92,100,1.62,RU,1689383031
281,telemaco borba,-24.3239,-50.6156,280.16,86,0,0.84,BR,1689382999
282,urangan,-25.3,152.9,293.78,61,0,1.84,AU,1689383031
283,xichang,27.8964,102.2634,291.85,70,100,1.03,CN,1689383031
284,kenai,60.5544,-151.2583,291.2,89,100,9.26,US,1689383031
285,anatuya,-28.4606,-62.8347,282.89,57,2,4.87,AR,1689382913
286,nizhneudinsk,54.9076,99.0276,293.38,78,16,1.51,RU,1689383031
287,chania,35.5122,24.0156,299.93,69,0,2.06,GR,1689382865
288,alofi,-19.0595,-169.9187,296.09,94,100,6.69,NU,1689383032
289,swan hill,-35.3378,143.5544,286.94,44,100,3.56,AU,1689383032
290,puerto baquerizo moreno,-0.9,-89.6,298.3,81,15,5.33,EC,1689383032
291,lebu,-37.6167,-73.65,282.26,69,98,3.88,CL,1689382940
292,spanish springs,39.6491,-119.7074,310.27,12,0,3.09,US,1689382812
293,egilsstadir,65.2653,-14.3948,279.1,87,75,2.57,IS,1689383032
294,mirny,62.5353,113.9611,281.06,75,14,0.89,RU,1689383033
295,tra mhor,52.1624,-7.1524,287.64,82,8,4.92,IE,1689383033
296,utrik,11.2278,169.8474,301.3,78,35,8.17,MH,1689383033
297,kampung pasir gudang baru,1.4726,103.878,302.79,94,75,1.03,MY,1689383033
298,tignieu,45.7356,5.1805,297.94,63,0,7.2,FR,1689383033
299,cabedelo,-6.9811,-34.8339,299.52,91,0,2.77,BR,1689382841
300,morehead city,34.7229,-76.726,301.48,89,0,4.02,US,1689383033
301,yanbu,24.0891,38.0637,307.17,31,0,1.03,SA,1689382938
302,leh,34.1667,77.5833,289.32,38,22,2.16,IN,1689383034
303,inhumas,-16.3578,-49.4961,291.0,77,3,2.16,BR,1689382952
304,fort irwin,35.2627,-116.6848,315.05,7,0,1.54,US,1689383034
305,aktau,43.65,51.2,291.47,45,0,2.06,KZ,1689383034
306,ussuriysk,43.7986,131.9508,293.05,90,100,1.61,RU,1689383034
307,wotho,10.1657,166.0102,301.5,73,99,8.15,MH,1689383035
308,enewetak,11.3474,162.3373,301.61,79,94,7.73,MH,1689383035
309,vikhorevka,56.1201,101.1636,290.92,93,100,1.11,RU,1689383035
310,veraval,20.9,70.3667,300.57,84,100,6.58,IN,1689383035
311,lembeni,-3.7833,37.6167,288.66,87,4,1.02,TZ,1689383035
312,tsiombe,-25.3,45.4833,290.54,61,0,5.14,MG,1689383036
313,petropavlovsk-kamchatsky,53.0452,158.6483,285.48,100,100,2.0,RU,1689383036
314,punta cardon,11.6581,-70.215,299.76,84,59,11.82,VE,1689383036
315,maitum,6.0392,124.4986,302.08,68,100,1.99,PH,1689383036
316,marquette,46.5333,-87.6335,293.85,84,55,2.25,US,1689383036
317,enriquillo,17.9,-71.2333,299.84,80,100,4.46,DO,1689383036
318,at taj,24.2049,23.2857,299.68,15,7,3.94,LY,1689383037
319,dudinka,69.4058,86.1778,280.72,73,100,6.07,RU,1689383037
320,levuka,50.1834,-105.4011,292.05,55,100,7.2,CA,1689383037
321,bei'an,24.5399,109.533,301.91,77,100,2.31,CN,1689383037
322,satkania,22.0796,92.0572,299.14,86,91,2.87,BD,1689383037
323,colares,38.7992,-9.4469,294.23,79,4,9.39,PT,1689383037
324,hithadhoo,-0.6,73.0833,301.31,75,7,2.48,MV,1689383037
325,alamo,20.9167,-97.6833,303.95,70,1,4.92,MX,1689383038
326,mount pearl,47.5166,-52.7813,291.34,89,75,5.66,CA,1689383038
327,balurghat,25.2167,88.7667,299.89,91,98,4.78,IN,1689383038
328,isabela,6.7085,121.9711,304.18,71,100,1.66,PH,1689383038
329,mandalgovi,45.7625,106.2708,291.17,39,0,1.23,MN,1689383038
330,chimoio,-19.1164,33.4833,285.48,95,82,1.48,MZ,1689383039
331,cabo san lucas,22.8909,-109.9124,309.92,63,2,7.28,MX,1689382740
332,xiva,41.3783,60.3639,294.14,27,0,5.17,UZ,1689383039
333,ingeniero guillermo n. juarez,-23.9,-61.85,284.18,47,0,3.08,AR,1689383039
334,tadine,-21.55,167.8833,295.12,61,22,9.58,NC,1689383039
335,blagoveshchenka,52.8333,79.8667,298.03,53,0,1.78,RU,1689383039
336,ad dabbah,18.05,30.95,306.14,12,99,7.69,SD,1689383039
337,mejit,10.2753,170.8646,301.45,77,90,6.87,MH,1689383040
338,lihue,21.9789,-159.3672,301.92,65,20,5.66,US,1689383022
339,g'uzor,38.6214,66.2522,298.17,26,0,1.52,UZ,1689383040
340,gaigeturi,33.4644,126.3183,303.18,74,75,7.2,KR,1689383040
341,beledweyne,4.7358,45.2036,297.2,68,86,7.63,SO,1689383040
342,petrolina,-9.3986,-40.5008,298.18,44,0,1.03,BR,1689382792
343,cole harbour,44.6724,-63.4751,293.81,93,22,2.57,CA,1689383041
344,tromso,69.6496,18.957,288.16,77,100,1.79,NO,1689382789
345,illizi,26.4833,8.4667,303.04,12,0,4.48,DZ,1689383041
346,el calafate,-50.3408,-72.2768,269.18,80,79,1.63,AR,1689383041
347,birchington-on-sea,51.3758,1.3048,289.78,92,100,3.58,GB,1689383041
348,saint-pierre,-21.3393,55.4781,294.58,94,75,5.66,RE,1689383041
349,trairi,-3.2778,-39.2689,298.65,79,0,4.43,BR,1689383042
350,amet,25.3,73.9333,298.44,83,81,4.88,IN,1689383042
351,maqat,47.65,53.3167,296.36,63,37,6.88,KZ,1689383042
352,narvik,68.4384,17.4272,286.69,85,100,2.1,NO,1689382911
353,nova olinda do norte,-3.8881,-59.0942,298.68,77,23,0.89,BR,1689383042
354,mossel bay,-34.1831,22.146,294.11,50,66,6.28,ZA,1689383043
355,mumbwa,-14.9783,27.0619,285.25,64,0,3.43,ZM,1689383043
356,al fulah,11.7329,28.3579,301.76,54,100,7.12,SD,1689383043
357,lundazi,-12.2929,33.1782,285.18,81,21,3.76,ZM,1689383044
358,kaa-khem,51.6833,94.7333,295.58,53,8,0.75,RU,1689383044
359,ghadamis,30.1337,9.5007,303.11,15,0,4.15,LY,1689383044
360,salalah,17.0151,54.0924,298.65,91,100,4.99,OM,1689382899
361,malaya purga,56.5567,53.0043,287.87,91,100,2.39,RU,1689383044
362,oberviechtach,49.4667,12.4167,289.88,67,4,1.4,DE,1689383045
363,melekeok village,7.4957,134.6367,302.43,76,95,5.92,PW,1689383045
364,kavaratti,10.5669,72.642,301.09,76,26,5.82,IN,1689383045
365,benghazi,32.1167,20.0667,298.73,81,0,6.09,LY,1689383045
366,hailar,49.2,119.7,295.28,66,62,4.38,CN,1689383045
367,labytnangi,66.6572,66.4183,288.98,59,42,2.08,RU,1689383046
368,khanty-mansiysk,61.0042,69.0019,287.21,77,40,3.13,RU,1689383046
369,cuajinicuilapa,16.4667,-98.4167,301.22,74,96,1.9,MX,1689383047
370,nevesinje,43.2586,18.1133,289.63,82,0,2.15,BA,1689383047
371,libenge,3.65,18.6333,293.81,87,99,0.27,CD,1689383047
372,nishinoomote,30.7333,131.0,302.46,94,75,5.66,JP,1689383047
373,aketi,2.7388,23.7833,294.92,97,99,0.56,CD,1689383047
374,hadibu,12.65,54.0333,298.47,82,33,10.14,YE,1689383048
375,colonia,50.9333,6.95,296.97,46,0,4.12,DE,1689382823
376,mahina,-17.5065,-149.489,302.02,58,40,4.12,PF,1689383048
377,atar,20.5169,-13.0499,306.94,28,0,5.28,MR,1689383048
378,nova sintra,14.8667,-24.7167,295.68,87,100,3.75,CV,1689383049
379,trondheim,63.4305,10.3951,283.66,92,35,0.45,NO,1689382958
380,porto torres,40.835,8.3972,295.25,58,0,2.42,IT,1689383049
381,dourbali,11.8091,15.8632,299.09,64,100,1.86,TD,1689383049
382,sechura,-5.5569,-80.8222,296.26,74,9,7.34,PE,1689383050
383,queenstown,-31.8976,26.8753,280.38,51,100,2.9,ZA,1689383050
384,rio gallegos,-51.6226,-69.2181,273.18,86,20,1.03,AR,1689383050
385,alfredo v. bonfil,21.0833,-86.85,303.19,79,75,3.6,MX,1689383050
386,thayetmyo,19.3167,95.1833,298.91,82,92,3.49,MM,1689383050
387,kish,26.5578,54.0194,307.3,75,15,5.14,IR,1689383051
388,st. paul,44.9444,-93.0933,297.46,66,0,2.57,US,1689383051
389,pacific grove,36.6177,-121.9166,298.51,86,0,4.63,US,1689383051
390,neftcala,39.3742,49.2472,297.2,66,0,0.49,AZ,1689383051
391,baiti,13.745,-14.7482,301.21,75,96,3.6,SN,1689383052
392,kristiansund,63.1115,7.732,284.51,87,10,3.09,NO,1689383052
393,clear lake,43.138,-93.3794,299.07,73,0,4.12,US,1689382780
394,cerea,45.1921,11.2103,297.08,86,8,0.84,IT,1689383052
395,mata-utu,-13.2816,-176.1745,301.21,74,15,8.2,WF,1689383052
396,komoro,36.3167,138.4333,297.63,79,100,1.85,JP,1689383053
397,tyumen,57.1522,65.5272,289.2,100,100,1.0,RU,1689383053
398,novyy urgal,51.0736,132.5642,298.24,39,100,2.85,RU,1689383053
399,kendari,-3.945,122.4989,298.61,84,98,1.45,ID,1689383053
400,general conesa,-40.1,-64.4333,280.73,67,0,4.74,AR,1689383053
401,taoudenni,22.6783,-3.9836,308.15,5,0,5.38,ML,1689383053
402,ocean shores,46.9737,-124.1563,298.12,79,0,4.63,US,1689383028
403,lata,40.1629,-8.3327,292.08,97,58,1.55,PT,1689383054
404,agat village,13.3886,144.6585,304.46,79,20,5.66,GU,1689383054
405,haradok,55.4624,29.9816,284.87,87,6,2.84,BY,1689383054
406,tazacorte,28.629,-17.9293,295.69,88,0,7.72,ES,1689383054
407,tarinkot,32.6268,65.8733,298.68,17,0,2.73,AF,1689383055
408,vila franca do campo,37.7167,-25.4333,292.38,77,93,2.99,PT,1689383055
409,hotan,37.0997,79.9269,301.76,15,0,0.16,CN,1689383055
410,la passe,45.5549,-0.8967,293.7,82,11,5.28,FR,1689383055
411,pitimbu,-7.4706,-34.8086,298.48,84,6,3.97,BR,1689383055
412,dzhetygara,52.1908,61.2006,286.47,83,92,7.42,KZ,1689383055
413,island harbour,50.724,-1.2758,290.89,90,66,2.68,GB,1689383056
414,nyangao,-10.3333,39.2833,290.91,95,12,1.31,TZ,1689383056
415,qarqaraly,49.4058,75.4742,290.18,37,0,7.64,KZ,1689383056
416,kamen'-na-obi,53.7884,81.3423,298.81,47,62,2.58,RU,1689383057
417,mar del plata,-38.0023,-57.5575,280.34,76,100,4.92,AR,1689383057
418,tura,25.5198,90.2201,296.34,98,100,2.4,IN,1689383058
419,benesov,49.7816,14.687,292.66,72,26,2.44,CZ,1689383059
420,fort mcmurray,56.7268,-111.381,293.92,49,100,5.14,CA,1689382836
421,santa marta,11.2408,-74.199,304.2,69,20,6.26,CO,1689382997
422,khorixas,-20.3667,14.9667,281.83,43,0,2.05,NA,1689383059
423,karema,-6.8205,30.4389,294.12,54,3,3.76,TZ,1689383059
424,giado,31.9582,12.0203,297.88,25,0,5.96,LY,1689383060
425,hammerfest,70.6634,23.6821,289.4,67,17,0.0,NO,1689383060
426,ascension,30.2169,-90.9001,306.27,72,0,1.54,US,1689383061
427,port augusta,-32.5,137.7667,287.69,54,100,3.04,AU,1689383065
428,selfoss,63.9331,-20.9971,280.95,86,57,4.94,IS,1689383068
429,kyren,51.6828,102.1408,295.86,53,100,0.72,RU,1689383069
430,nova russas,-4.7067,-40.5631,299.21,50,20,1.66,BR,1689383069
431,nabire,-3.3667,135.4833,301.58,71,95,1.7,ID,1689383069
432,yerofey pavlovich,53.9667,121.9667,296.88,51,0,1.44,RU,1689383071
433,vallenar,-28.5708,-70.7581,283.52,94,0,1.03,CL,1689382806
434,san andres,12.5847,-81.7006,302.16,79,20,4.63,CO,1689383073
435,camalu,30.85,-116.0667,297.19,57,20,3.86,MX,1689383074
436,zyryanskoye,56.8306,86.6258,290.53,98,100,5.5,RU,1689383074
437,buruenesti,45.3167,26.35,294.12,69,94,1.34,RO,1689383075
438,lazaro cardenas,17.9583,-102.2,302.46,73,45,2.78,MX,1689383075
439,aasiaat,68.7098,-52.8699,276.51,97,100,1.34,GL,1689383075
440,kapa'a,22.0752,-159.319,302.33,72,20,5.66,US,1689383075
441,black point,-34.6187,137.8972,284.61,85,100,5.69,AU,1689383076
442,jiuquan,39.7432,98.5174,302.62,15,0,3.15,CN,1689383076
443,niebull,54.7866,8.8285,291.18,90,100,6.55,DE,1689383076
444,la paz,-16.5,-68.15,284.14,55,15,3.09,BO,1689382792
445,lorengau,-2.0226,147.2712,300.9,79,100,4.77,PG,1689383077
446,asosa,10.0667,34.5333,289.55,93,100,1.26,ET,1689383077
447,basoda,23.85,77.9333,299.3,87,100,4.09,IN,1689383077
448,ratia,29.6833,75.5833,303.59,70,89,2.37,IN,1689383077
449,fort st. john,56.2499,-120.8529,297.09,46,75,2.57,CA,1689383077
450,nikolayevsk-on-amure,53.1406,140.73,298.71,34,6,2.74,RU,1689383078
451,touros,-5.1989,-35.4608,298.74,83,5,5.52,BR,1689382978
452,marsa alam,25.0757,34.8918,305.73,30,8,3.74,EG,1689383078
453,port douglas,-16.4833,145.4667,296.91,65,77,7.07,AU,1689383079
454,santa elena de uairen,4.6167,-61.1333,293.52,91,99,1.22,VE,1689383079
455,royston,52.0483,-0.0244,289.41,93,100,6.43,GB,1689383079
456,muli,2.9167,73.5667,301.18,72,9,0.59,MV,1689383079
457,lensk,60.7253,114.9278,287.93,41,7,2.77,RU,1689383080
458,kismayo,-0.3582,42.5454,297.96,82,39,7.24,SO,1689383080
459,penzance,50.1186,-5.5371,289.53,91,49,11.17,GB,1689383080
460,moree,-29.4667,149.85,291.62,56,0,5.27,AU,1689382807
461,abeche,13.8292,20.8324,300.14,61,89,4.69,TD,1689383080
462,vytegra,61.0064,36.4481,287.31,92,100,0.66,RU,1689383080
463,bikenibeu village,1.3673,173.1241,303.13,70,75,1.54,KI,1689383080
464,shetpe,44.1667,52.1167,295.24,35,0,1.29,KZ,1689383081
465,kosamba,21.4833,72.95,299.56,87,96,4.31,IN,1689383081
466,cam ranh,11.9214,109.1591,304.13,62,0,4.63,VN,1689383081
467,swakopmund,-22.6833,14.5333,286.47,86,0,0.89,NA,1689383081
468,kharp,66.8014,65.8081,289.16,62,11,2.17,RU,1689383081
469,qinzhou,21.95,108.6167,303.72,70,76,0.89,CN,1689383081
470,leua,48.2156,18.6071,293.98,82,5,2.06,SK,1689383082
471,brisas de zicatela,15.8369,-97.0419,303.44,62,40,1.54,MX,1689383082
472,arcelia,18.2833,-100.2667,301.93,65,9,0.48,MX,1689383082
473,pimentel,-6.8367,-79.9342,296.31,73,40,5.66,PE,1689383082
474,antsiranana,-12.2787,49.2917,295.41,69,2,8.01,MG,1689383082
475,burley,42.5357,-113.7928,302.76,21,0,5.66,US,1689383082
476,ola,59.5833,151.2833,294.34,69,9,1.74,RU,1689383082
477,dehui,44.5333,125.7,293.85,90,100,2.46,CN,1689382841
478,toktogul,41.8708,72.9402,296.16,42,0,0.38,KG,1689383083
479,la serena,-29.9078,-71.2542,286.88,88,0,4.12,CL,1689383083
480,cove,7.221,2.3402,296.59,96,100,1.8,BJ,1689383083
481,harper,4.375,-7.7169,297.83,87,32,2.8,LR,1689383083
482,kolosovka,56.4678,73.611,291.06,93,96,1.09,RU,1689383083
483,rio branco do sul,-25.19,-49.3142,280.33,98,0,1.2,BR,1689383084
484,danville,36.586,-79.395,300.56,85,0,1.79,US,1689383084
485,smithers,54.7804,-127.1743,294.33,49,75,4.12,CA,1689382982
486,murun-kuren,49.6342,100.1625,292.62,59,5,1.34,MN,1689383084
487,riohacha,11.5444,-72.9072,303.21,74,40,4.12,CO,1689383010
488,moultrie,31.1799,-83.7891,300.27,94,100,0.0,US,1689382957
489,kununurra,-15.7667,128.7333,299.14,50,0,3.09,AU,1689382822
490,saynshand,44.8824,110.1163,294.84,35,0,2.65,MN,1689383085
491,grass valley,39.2191,-121.0611,308.99,23,0,1.34,US,1689383085
492,sedalia,38.7045,-93.2283,294.1,88,75,3.09,US,1689382853
493,vila do maio,15.1333,-23.2167,300.59,88,100,4.8,CV,1689383085
494,santa terezinha,-29.9002,-50.0904,282.6,79,63,3.64,BR,1689383085
495,sampit,-2.5333,112.95,298.37,94,99,1.34,ID,1689383085
496,ciudad altamirano,18.3167,-100.65,303.69,60,6,0.84,MX,1689383086
497,mildura,-34.2,142.15,289.86,54,100,5.06,AU,1689383086
498,popondetta,-8.7537,148.2534,303.12,56,90,1.86,PG,1689383086
499,castillos,-34.1667,-53.8333,280.49,78,100,1.97,UY,1689383086
500,prado,-17.3411,-39.2208,296.0,88,65,5.84,BR,1689383086
501,kalevala,65.2,31.1667,285.55,98,100,1.12,RU,1689383086
502,matthew town,20.95,-73.6667,301.42,81,8,7.2,BS,1689383086
503,bonanza,14.0289,-84.591,296.34,98,100,0.79,NI,1689383087
504,gyor,47.6833,17.6351,291.5,94,0,2.06,HU,1689383087
505,shahrud,36.4182,54.9763,296.41,46,1,1.93,IR,1689383087
506,howard springs,-12.497,131.047,302.49,44,7,3.34,AU,1689383087
507,tavda,58.0425,65.2726,289.2,97,92,2.14,RU,1689383087
508,novodvinsk,64.4165,40.8122,286.07,90,0,1.87,RU,1689383087
509,adrar,20.5022,-10.0711,305.86,19,44,4.92,MR,1689383088
510,margate,51.3813,1.3862,288.64,92,100,3.58,GB,1689383088
511,namtsy,62.7161,129.6658,293.97,55,16,3.76,RU,1689383088
512,sola,-13.8833,167.55,299.52,78,100,5.14,VU,1689383088
513,boma,7.0805,-2.1697,294.81,99,64,0.91,GH,1689383088
514,kenora,49.8167,-94.4337,292.69,59,75,5.14,CA,1689383088
515,coxen hole,16.3244,-86.5366,303.35,79,0,7.2,HN,1689383089
516,mili,6.0815,171.735,299.53,85,100,8.09,MH,1689383089
517,zeya,53.75,127.2667,301.67,40,100,0.92,RU,1689383089
518,santa eularia des riu,38.9846,1.5341,299.43,84,20,2.06,ES,1689383089
519,mumford,5.2618,-0.759,297.79,91,99,2.32,GH,1689383089
520,kirkwood,38.5834,-90.4068,301.92,61,100,9.26,US,1689383089
521,mabaruma,8.2,-59.7833,297.32,94,100,1.32,GY,1689383089
522,tralee,52.2704,-9.7026,285.35,95,76,2.85,IE,1689383090
523,algona,43.07,-94.233,298.2,78,0,4.63,US,1689382858
524,humaita,-7.5061,-63.0208,300.62,61,100,0.81,BR,1689383090
525,gunjur,13.2019,-16.7339,299.19,89,40,0.0,GM,1689383090
526,vorkuta,67.5,64.0,285.8,62,13,1.73,RU,1689383090
527,tela,15.7833,-87.45,303.12,70,75,7.2,HN,1689383090
528,eraan,9.0629,117.7016,301.35,82,100,6.98,PH,1689383091
529,correia pinto,-27.5847,-50.3611,276.92,97,63,0.42,BR,1689383091
530,puerto lempira,15.2667,-83.7667,301.23,74,75,5.14,HN,1689382839
531,pittsburg,38.028,-121.8847,311.31,34,0,5.66,US,1689382981
532,belmonte,-15.8631,-38.8828,296.83,92,10,2.29,BR,1689383091
533,pangody,65.85,74.4859,287.02,50,40,2.74,RU,1689383091
534,luderitz,-26.6481,15.1594,287.1,62,0,1.42,NA,1689383091
535,trelissac,45.1977,0.7862,294.86,77,10,1.21,FR,1689383092
536,manggar,-2.8833,108.2667,298.02,91,100,2.35,ID,1689383092
537,sao joao da barra,-21.6403,-41.0511,293.2,68,0,8.36,BR,1689383092
538,oranjemund,-28.55,16.4333,287.38,63,0,2.22,NA,1689383092
539,alaghsas,17.0187,8.0168,305.46,35,52,4.32,NE,1689383092
540,yashkino,55.8736,85.4265,295.0,82,100,4.18,RU,1689383093
541,linares,-35.85,-71.6,279.51,91,100,1.9,CL,1689383093
542,galliano,29.4422,-90.2992,305.15,74,0,2.57,US,1689383093
543,sailana,23.4667,74.9167,297.07,91,100,5.21,IN,1689383093
544,toamasina,-18.1667,49.3833,291.15,100,75,4.12,MG,1689383093
545,christchurch,-43.5333,172.6333,288.97,77,100,2.57,NZ,1689383094
546,ceres,37.5949,-120.9577,312.48,24,0,4.63,US,1689383094
547,kolpashevo,58.3131,82.9089,287.46,82,100,5.45,RU,1689383094
548,dampit,-8.2116,112.7493,296.68,78,47,2.55,ID,1689383094
549,ghat,24.9647,10.1728,301.53,13,0,0.71,LY,1689383094
550,kelkit,40.1298,39.4361,283.45,65,0,1.79,TR,1689383094
551,vangaindrano,-23.35,47.6,290.87,85,100,2.11,MG,1689383095
552,akwatia,6.0402,-0.8088,295.27,99,40,0.88,GH,1689383095
553,ingeniero jacobacci,-41.3427,-69.5448,273.53,74,3,8.55,AR,1689383095
554,pala,9.3642,14.9046,295.84,85,96,0.6,TD,1689383095
